imageUrl,"size(file, (width, height))"
https://cdn.spigot.com/2021/12/14/header-hero_uid_61b8e5efae5da.png,"(318858, (900, 545))"
/_nuxt/img/appstore.eb7b59a.png,url is not readable may be an ad
/_nuxt/img/googleplay.97294e2.png,url is not readable may be an ad
/_nuxt/img/windowsstore.ef6ce38.png,url is not readable may be an ad
/_nuxt/img/cws1.595b710.png,url is not readable may be an ad
/_nuxt/img/firefox.b6cd396.png,url is not readable may be an ad
https://cdn.spigot.com/2021/12/14/build1_uid_61b8e77500687.png,"(353066, (900, 612))"
https://cdn.spigot.com/2021/12/14/data1_uid_61b8e783e6a8b.png,"(358373, (900, 633))"
https://cdn.spigot.com/2021/12/08/Pete2_uid_61b1233759034.jpg,"(36586, (320, 320))"
https://cdn.spigot.com/2021/12/08/Bart_uid_61b12351e7cff.jpg,"(45276, (320, 320))"
https://cdn.spigot.com/2022/02/03/Ryan5_uid_61fc05da2a459.jpg,"(34507, (320, 320))"
https://cdn.spigot.com/2022/02/25/John_uid_62191cf6166fa.jpg,"(39801, (320, 320))"
https://cdn.spigot.com/2022/01/27/Jenny_uid_61f2fb0da2bb2.jpg,"(36697, (320, 320))"
/_nuxt/img/location-icon.6622084.png,url is not readable may be an ad
https://cdn.spigot.com/2022/02/01/fm_team_uid_61f980cbce94e.jpg,"(293519, (1200, 900))"
/_nuxt/img/location-icon.6622084.png,url is not readable may be an ad
https://cdn.spigot.com/2021/12/14/kc_uid_61b909282f926.jpg,"(141204, (800, 600))"
/_nuxt/img/location-icon.6622084.png,url is not readable may be an ad
https://cdn.spigot.com/2022/08/11/ro-team_uid_62f566768fe47.jpg,"(427881, (1920, 1440))"
https://cdn.spigot.com/2023/02/01/hiring-draft-2_uid_63da967add75b.gif,"(436585, (800, 600))"
https://cdn.spigot.com/2023/01/16/new-year-new-me_uid_63c5984ade125.png,"(330908, (500, 484))"
/_nuxt/img/logo.b8776e8.png,url is not readable may be an ad
https://readscripture.net/wp-content/uploads/2020/09/biblehomelogo-1.png,"(52784, (525, 317))"
https://wp.wp-preview.com/inhype/inhype-3/wp-content/uploads/2020/01/logo-inhype3-white.png,url is not readable may be an ad
https://static.earlychirp.com/images/logos/horizontal_colored.png,"(4037, (325, 112))"
https://static.earlychirp.com/images/logos/horizontal_colored.png,"(4037, (325, 112))"
https://static.earlychirp.com/images/iphone-preview.png,"(151028, (684, 1307))"
https://static.earlychirp.com/images/puzzle-blocks.png,"(13694, (400, 267))"
https://static.earlychirp.com/images/logos/horizontal_colored.png,"(4037, (325, 112))"
/Content/Logos/livingguide.png,url is not readable may be an ad
https://d31jtvuei8qvsw.cloudfront.net/livingguide/dresses.livingguide-min.jpg,"(33785, (750, 499))"
/Content/Logos/livingguide.png,url is not readable may be an ad
